{
  "formation": [
    {
      "id": 2,
      "name": "Unity3D Game Programming",
      "description": "Learn game programming with Unity3D for creating immersive gaming experiences.",
      "photo": "../assets/it.jpg",
      "date": "2023-03-10",
      "price": 179.99,
      "nbParticipant": 15,
      "certif": true,
      "workshop": true,
      "location": "Online",
      "comments": [
        {
          "idUser": 2,
          "text": "SDD",
          "id": 437
        },
        {
          "idUser": 1,
          "text": "3ejbetni",
          "id": 311
        }
      ]
    },
    {
      "id": 3,
      "name": "Advanced Game Design Workshop",
      "description": "Dive into advanced game design principles & mechanics.",
      "photo": "../assets/trainings.jpg",
      "date": "2023-04-05",
      "price": 249.99,
      "nbParticipant": 30,
      "certif": false,
      "workshop": true,
      "location": "University",
      "comments": [
        {
          "idUser": 2,
          "text": "QSD",
          "id": 525
        }
      ]
    },
    {
      "id": 4,
      "name": "Virtual Reality (VR) Game Development",
      "description": "Create immersive virtual reality games with hands-on VR development techniques.",
      "photo": "../assets/vr.jpg",
      "date": "2023-05-20",
      "price": 199.99,
      "nbParticipant": 25,
      "certif": true,
      "workshop": true,
      "location": "Hybrid",
      "comments": []
    },
    {
      "id": 5,
      "name": "Mobile Game Development with Unreal Engine",
      "description": "Build mobile games using the powerful Unreal Engine.",
      "photo": "../assets/MobileGame.jpg",
      "date": "2023-06-15",
      "price": 149.99,
      "nbParticipant": 18,
      "certif": false,
      "workshop": false,
      "location": "Virtual",
      "comments": [
        {
          "idUser": 2,
          "text": "<WX<X<X",
          "id": 310
        }
      ]
    },
    {
      "id": 6,
      "name": "Game Art and Animation Essentials",
      "description": "Master the art of creating captivating game visuals and animations.",
      "photo": "../assets/gameArt.jpg",
      "date": "2023-07-10",
      "price": 179.99,
      "nbParticipant": 22,
      "certif": true,
      "workshop": true,
      "location": "Online",
      "comments": []
    },
    {
      "id": 7,
      "name": "Multiplayer Game Development",
      "description": "Learn the intricacies of developing multiplayer games for online gaming experiences.",
      "photo": "../assets/trainings.jpg",
      "date": "2023-08-05",
      "price": 229.99,
      "nbParticipant": 20,
      "certif": true,
      "workshop": false,
      "location": "In-Person",
      "comments": []
    },
    {
      "id": 8,
      "name": "Game Testing and Quality Assurance",
      "description": "Understand the importance of game testing and quality assurance in the game development lifecycle.",
      "photo": "../assets/trainings.jpg",
      "date": "2023-09-15",
      "price": 149.99,
      "nbParticipant": 25,
      "certif": true,
      "workshop": true,
      "location": "Hybrid",
      "comments": []
    }
  ],
  "user": [
    {
      "id": 1,
      "username": "admin",
      "password": "admin",
      "email": "admin@example.com",
      "isAdmin": true,
      "isMember": true,
      "formation": [
        {
          "id": 4,
          "name": "Virtual Reality (VR) Game Development",
          "description": "Create immersive virtual reality games with hands-on VR development techniques.",
          "photo": "../assets/vr.jpg",
          "date": "2023-05-20",
          "price": 199.99,
          "nbParticipant": 25,
          "certif": true,
          "workshop": true,
          "location": "Hybrid",
          "comments": []
        }
      ]
    },
    {
      "id": 2,
      "username": "user1",
      "password": "user1",
      "email": "user1@gmail.com",
      "isAdmin": false,
      "isMember": true,
      "formation": [
        {
          "id": 2,
          "name": "Unity3D Game Programming",
          "description": "Learn game programming with Unity3D for creating immersive gaming experiences.",
          "photo": "../assets/trainings.jpg",
          "date": "2023-03-10",
          "price": 179.99,
          "nbParticipant": 15,
          "certif": true,
          "workshop": true,
          "location": "Online"
        },
        {
          "id": 5,
          "name": "Mobile Game Development with Unreal Engine",
          "description": "Build mobile games using the powerful Unreal Engine.",
          "photo": "../assets/trainings.jpg",
          "date": "2023-06-15",
          "price": 149.99,
          "nbParticipant": 18,
          "certif": true,
          "workshop": false,
          "location": "Virtual",
          "comments": []
        },
        {
          "id": 4,
          "name": "Virtual Reality (VR) Game Development",
          "description": "Create immersive virtual reality games with hands-on VR development techniques.",
          "photo": "../assets/trainings.jpg",
          "date": "2023-05-20",
          "price": 199.99,
          "nbParticipant": 25,
          "certif": true,
          "workshop": true,
          "location": "Hybrid",
          "comments": []
        },
        {
          "id": 6,
          "name": "Game Art and Animation Essentials",
          "description": "Master the art of creating captivating game visuals and animations.",
          "photo": "../assets/trainings.jpg",
          "date": "2023-07-10",
          "price": 179.99,
          "nbParticipant": 22,
          "certif": true,
          "workshop": true,
          "location": "Online",
          "comments": []
        },
        {
          "id": 7,
          "name": "Multiplayer Game Development",
          "description": "Learn the intricacies of developing multiplayer games for online gaming experiences.",
          "photo": "../assets/trainings.jpg",
          "date": "2023-08-05",
          "price": 229.99,
          "nbParticipant": 20,
          "certif": true,
          "workshop": false,
          "location": "In-Person",
          "comments": []
        },
        {
          "id": 8,
          "name": "Game Testing and Quality Assurance",
          "description": "Understand the importance of game testing and quality assurance in the game development lifecycle.",
          "photo": "../assets/trainings.jpg",
          "date": "2023-09-15",
          "price": 149.99,
          "nbParticipant": 25,
          "certif": true,
          "workshop": true,
          "location": "Hybrid",
          "comments": []
        }
      ]
    },
    {
      "id": 3,
      "username": "user2",
      "password": "user456",
      "email": "user2@example.com",
      "isAdmin": false,
      "isMember": true,
      "formation": []
    },
    {
      "id": 4,
      "username": "med",
      "email": "jabou@gmail.com",
      "password": "med",
      "isAdmin": false,
      "isMember": true,
      "formation": []
    },
    {
      "id": 5,
      "username": "taleb",
      "email": "taleb@gmail.com",
      "password": "taleb5",
      "isAdmin": false,
      "isMember": true,
      "formation": [
        {
          "id": 8,
          "name": "Game Testing and Quality Assurance",
          "description": "Understand the importance of game testing and quality assurance in the game development lifecycle.",
          "photo": "../assets/trainings.jpg",
          "date": "2023-09-15",
          "price": 149.99,
          "nbParticipant": 25,
          "certif": true,
          "workshop": true,
          "location": "Hybrid",
          "comments": [
            {
              "idUser": 2,
              "text": "vraiment ya3tikom essa7a",
              "id": 772
            },
            {
              "idUser": 5,
              "text": "user1 nikomk",
              "id": 425
            }
          ]
        },
        {
          "id": 6,
          "name": "Game Art and Animation Essentials",
          "description": "Master the art of creating captivating game visuals and animations.",
          "photo": "../assets/trainings.jpg",
          "date": "2023-07-10",
          "price": 179.99,
          "nbParticipant": 22,
          "certif": true,
          "workshop": true,
          "location": "Online",
          "comments": []
        },
        {
          "id": 2,
          "name": "Unity3D Game Programming",
          "description": "Learn game programming with Unity3D for creating immersive gaming experiences.",
          "photo": "../assets/trainings.jpg",
          "date": "2023-03-10",
          "price": 179.99,
          "nbParticipant": 15,
          "certif": true,
          "workshop": true,
          "location": "Online",
          "comments": [
            {
              "idUser": 2,
              "text": "SDD",
              "id": 437
            },
            {
              "idUser": 2,
              "text": "j'aaime pas",
              "id": 544
            }
          ]
        },
        {
          "id": 4,
          "name": "Virtual Reality (VR) Game Development",
          "description": "Create immersive virtual reality games with hands-on VR development techniques.",
          "photo": "../assets/trainings.jpg",
          "date": "2023-05-20",
          "price": 199.99,
          "nbParticipant": 25,
          "certif": true,
          "workshop": true,
          "location": "Hybrid",
          "comments": []
        },
        {
          "id": 5,
          "name": "Mobile Game Development with Unreal Engine",
          "description": "Build mobile games using the powerful Unreal Engine.",
          "photo": "../assets/trainings.jpg",
          "date": "2023-06-15",
          "price": 149.99,
          "nbParticipant": 18,
          "certif": true,
          "workshop": false,
          "location": "Virtual",
          "comments": [
            {
              "idUser": 2,
              "text": "<WX<X<X",
              "id": 310
            }
          ]
        },
        {
          "id": 7,
          "name": "Multiplayer Game Development",
          "description": "Learn the intricacies of developing multiplayer games for online gaming experiences.",
          "photo": "../assets/trainings.jpg",
          "date": "2023-08-05",
          "price": 229.99,
          "nbParticipant": 20,
          "certif": true,
          "workshop": false,
          "location": "In-Person",
          "comments": []
        }
      ]
    }
  ]
}